
{
   "options": {"failByDrop": false},
   "outdir": "./reports/clients",
   "servers": [
        {"agent": "ReadAllWriteMessage", "url": "ws://localhost:9000/m", "options": {"version": 18}},
        {"agent": "ReadAllWrite", "url": "ws://localhost:9000/r", "options": {"version": 18}},
        {"agent": "CopyFull", "url": "ws://localhost:9000/f", "options": {"version": 18}},
        {"agent": "CopyWriterOnly", "url": "ws://localhost:9000/c", "options": {"version": 18}}
    ],
   "cases": ["*"],
   "exclude-cases": [],
   "exclude-agent-cases": {}
}
