{
	"ImportPath": "github.com/visualfc/gotools",
	"GoVersion": "go1.8",
	"GodepVersion": "v79",
	"Deps": [
		{
			"ImportPath": "github.com/kr/pty",
			"Comment": "v1.0.0",
			"Rev": "2c10821df3c3cf905230d078702dfbe9404c9b23"
		},
		{
			"ImportPath": "github.com/pmezard/go-difflib/difflib",
			"Comment": "v1.0.0",
			"Rev": "792786c7400a136282c1664665ae0a8db921c6c2"
		},
		{
			"ImportPath": "golang.org/x/tools/container/intsets",
			"Rev": "1b3bb8de7d39fe135abc674c1e6d642cce854d4a"
		},
		{
			"ImportPath": "golang.org/x/tools/go/ast/astutil",
			"Rev": "1b3bb8de7d39fe135abc674c1e6d642cce854d4a"
		},
		{
			"ImportPath": "golang.org/x/tools/go/buildutil",
			"Rev": "1b3bb8de7d39fe135abc674c1e6d642cce854d4a"
		},
		{
			"ImportPath": "golang.org/x/tools/go/callgraph",
			"Rev": "1b3bb8de7d39fe135abc674c1e6d642cce854d4a"
		},
		{
			"ImportPath": "golang.org/x/tools/go/loader",
			"Rev": "1b3bb8de7d39fe135abc674c1e6d642cce854d4a"
		},
		{
			"ImportPath": "golang.org/x/tools/go/pointer",
			"Rev": "1b3bb8de7d39fe135abc674c1e6d642cce854d4a"
		},
		{
			"ImportPath": "golang.org/x/tools/go/ssa",
			"Rev": "1b3bb8de7d39fe135abc674c1e6d642cce854d4a"
		},
		{
			"ImportPath": "golang.org/x/tools/go/ssa/ssautil",
			"Rev": "1b3bb8de7d39fe135abc674c1e6d642cce854d4a"
		},
		{
			"ImportPath": "golang.org/x/tools/go/types/typeutil",
			"Rev": "1b3bb8de7d39fe135abc674c1e6d642cce854d4a"
		},
		{
			"ImportPath": "golang.org/x/tools/present",
			"Rev": "1b3bb8de7d39fe135abc674c1e6d642cce854d4a"
		},
		{
			"ImportPath": "golang.org/x/tools/refactor/importgraph",
			"Rev": "1b3bb8de7d39fe135abc674c1e6d642cce854d4a"
		}
	]
}
